Track URI,Track Name,Album Name,Artist Name(s),Release Date,Duration (ms),Popularity,Explicit,Added By,Added At,Genres,Record Label,Danceability,Energy,Key,Loudness,Mode,Speechiness,Acousticness,Instrumentalness,Liveness,Valence,Tempo,Time Signature
spotify:track:4g5eopb54XIaV2ciooY3St,"SWIM","ARIRANG","방탄소년단",2026-03-20,159007,75,false,,2026-03-21T13:42:54Z,"케이팝","BIGHIT MUSIC",0.531,0.706,6,-5.487,0,0.0638,0.153,0,0.117,0.157,93.811,4
spotify:track:02PyZNzTdzA1Nbxycnv93V,"Body to Body","ARIRANG","방탄소년단",2026-03-20,189725,66,false,,2026-03-21T13:42:54Z,"케이팝","BIGHIT MUSIC",0.674,0.788,6,-3.367,0,0.0442,0.113,0.00000216,0.168,0.495,120.016,4
spotify:track:20dAJsyno9ZoBLJtqgQnUI,"Hooligan","ARIRANG","방탄소년단",2026-03-20,182046,82,false,,2026-03-21T13:42:54Z,"케이팝","BIGHIT MUSIC",0.666,0.494,1,-5.265,0,0.101,0.144,0,0.13,0.442,135.147,4
spotify:track:5tg21NdePCn5m8F9BXOEeJ,"Aliens","ARIRANG","방탄소년단",2026-03-20,167751,81,false,,2026-03-21T13:42:54Z,"케이팝","BIGHIT MUSIC",0.707,0.739,11,-3.075,1,0.0575,0.0984,0,0.843,0.503,98.015,4
spotify:track:0KmrKOdScRDVYwWS8hkkdv,"FYA","ARIRANG","방탄소년단",2026-03-20,180543,81,false,,2026-03-21T13:42:54Z,"케이팝","BIGHIT MUSIC",0.705,0.817,11,-4.908,0,0.212,0.00127,0,0.11,0.457,128.955,4
spotify:track:2bAQsNqdo62T8akkIvWzGl,"RUDE!","RUDE!","Hearts2Hearts",2026-02-20,200000,85,false,,2026-03-21T13:42:54Z,"케이팝","SM Entertainment",0.78,0.784,6,-4.2,0,0.0893,0.169,0.00000839,0.339,0.467,128.076,4
spotify:track:0iuC1cgzqw5yiHCgZE1QMp,"Merry Go Round","ARIRANG","방탄소년단",2026-03-20,229855,63,false,,2026-03-21T13:42:54Z,"케이팝","BIGHIT MUSIC",0.601,0.634,8,-6.461,1,0.0431,0.34,0.0000268,0.106,0.258,84.015,4
spotify:track:0H653Nkt1VcM5A5MC4N6Fw,"2.0","ARIRANG","방탄소년단",2026-03-20,169929,63,false,,2026-03-21T13:42:54Z,"케이팝","BIGHIT MUSIC",0.929,0.542,0,-4.395,1,0.0522,0.018,0.00000692,0.175,0.27,130.026,4
spotify:track:1gvhtkVO3kvPnh8XcSkNGX,"Like Animals","ARIRANG","방탄소년단",2026-03-20,189746,62,false,,2026-03-21T13:42:54Z,"케이팝","BIGHIT MUSIC",0.454,0.851,3,-3.429,1,0.0459,0.0596,0,0.11,0.328,78.944,4
spotify:track:3sOAwRg5esaxDcWnUigWPv,"0+0","자몽살구클럽","HANRORO",2025-08-04,192000,68,false,,2026-03-21T13:42:54Z,"K-발라드,한국 록","authentic",0.457,0.523,9,-5.862,1,0.0286,0.492,0.0157,0.163,0.196,135.899,4
spotify:track:3m08yeqLjXsqblRU3KXPAp,"TICK TOCK (Feat. ZICO) (Prod. by ZICO, Crush)","쇼미더머니 12 Episode 1","김하온;Nosun;Raf Sandou;Marv;Jung Junhyuk;지코",2026-03-06,230000,66,false,,2026-03-21T13:42:54Z,"한국 랩,라틴 아프로비츠,케이팝","Genie Music Corporation",0.771,0.83,9,-2.5,1,0.216,0.0379,0,0.0466,0.83,80.006,4
spotify:track:0b61A7v9agI08BG21jJPQ9,"they don’t know ’bout us","ARIRANG","방탄소년단",2026-03-20,164241,80,false,,2026-03-21T13:42:54Z,"케이팝","BIGHIT MUSIC",0.744,0.653,9,-4.525,0,0.0727,0.28,0,0.0986,0.635,137.978,4
spotify:track:31fmJmXLPdIax9kLUIvFKh,"No. 29","ARIRANG","방탄소년단",2026-03-20,98453,62,false,,2026-03-21T13:42:54Z,"케이팝","BIGHIT MUSIC",,,,,,,,,,,,
spotify:track:6s3w7SUVtmm68Bw5KrKMh0,"One More Night","ARIRANG","방탄소년단",2026-03-20,167589,79,false,,2026-03-21T13:42:54Z,"케이팝","BIGHIT MUSIC",0.655,0.802,6,-5.649,1,0.0742,0.202,0,0.0961,0.641,116.964,4
spotify:track:4B4Q7zfd0aHcuhQBfCRnH5,"NORMAL","ARIRANG","방탄소년단",2026-03-20,181649,80,true,,2026-03-21T13:42:54Z,"케이팝","BIGHIT MUSIC",0.464,0.774,1,-4.225,0,0.081,0.206,0,0.193,0.651,73.071,4
spotify:track:1ZNolq7VI7efGlh2hb2VVr,"Into the Sun","ARIRANG","방탄소년단",2026-03-20,227660,78,false,,2026-03-21T13:42:54Z,"케이팝","BIGHIT MUSIC",0.702,0.587,5,-4.453,1,0.0402,0.101,0,0.119,0.338,99.05,4
spotify:track:1I1QqHDHgnEDfeQ20QFWvj,"Please","ARIRANG","방탄소년단",2026-03-20,172796,61,false,,2026-03-21T13:42:54Z,"케이팝","BIGHIT MUSIC",0.644,0.644,5,-5.944,1,0.0349,0.0686,0,0.165,0.39,84.974,4
spotify:track:3WvM2dIR9iIxMGNMP7WsNw,"사랑하게 될 거야","이상비행","HANRORO",2023-08-29,165000,68,false,,2026-03-21T13:42:54Z,"K-발라드,한국 록","authentic",0.625,0.516,7,-6.018,1,0.0265,0.426,0.0000015,0.187,0.326,92.94,4
spotify:track:1rEa59P5yEal5cp1h7kl2e,"404 (New Era)","Delulu Pack","KiiiKiii",2026-01-26,179586,65,false,,2026-03-21T13:42:54Z,"케이팝","STARSHIP Entertainment",0.501,0.521,4,-48.743,1,0.0761,0.658,0.466,0.526,0.00001,140.024,1
spotify:track:7tI8dRuH2Yc6RuoTjxo4dU,"Who","MUSE","지민",2024-07-19,170887,85,false,,2026-03-21T13:42:54Z,"케이팝","BIGHIT MUSIC",0.66,0.756,0,-3.743,0,0.032,0.00289,0,0.193,0.838,116.034,4
spotify:track:1alWuqrk1v7xzECNR8ovRo,"KISS KISS KISS (Feat. 선우 (THE BOYZ)) (Prod. by Hukky Shibaseki)","쇼미더머니 12 Episode 2","NOWIMYOUNG;Royal 44;SUNWOO",2026-03-20,218796,48,false,,2026-03-21T13:42:54Z,"한국 랩","Genie Music Corporation",0.582,0.892,8,-1.825,1,0.125,0.038,0,0.347,0.615,161.929,4
spotify:track:27xkOIER6uDLKALIelHylZ,"Don’t Say You Love Me","Echo","진",2025-05-16,180716,84,false,,2026-03-21T13:42:54Z,"케이팝","BIGHIT MUSIC",0.729,0.562,8,-5.49,1,0.0304,0.484,0,0.105,0.757,111.976,4
spotify:track:5bB7348yF6DXMmK1WQlBui,"Money Checks (Prod. by Hukky Shibaseki)","쇼미더머니 12 Episode 1","NOWIMYOUNG;Fleeky Bang;Royal 44;Double Down;영슈러",2026-03-06,269081,62,false,,2026-03-21T13:42:54Z,"한국 랩","Genie Music Corporation",0.785,0.878,1,-3.542,1,0.229,0.0912,0,0.145,0.794,146.959,4
spotify:track:7hlEhmg5h9XuFtaGfgvqjF,"Love Love Love","Remapping the Human Soul","에픽하이",2007-01-24,231093,67,false,,2026-03-21T13:42:54Z,"한국 랩,케이팝,K-발라드","CJ E&M MUSIC",0.788,0.881,1,-3.678,0,0.0646,0.059,0,0.17,0.785,127.976,4
spotify:track:3YVcnTV3v6DEFJeAnxGTBj,"아크라포빅 (Akrapovic)","시정잡배의 18번 (The Riffraff’s Signature)","hamo",2026-02-02,135955,52,false,,2026-03-21T13:42:54Z,"한국 랩,K-발라드","NEVER THE LESS seoul",0.714,0.665,2,-6.021,0,0.0376,0.0886,0.00000216,0.0691,0.762,81.01,4
spotify:track:6jYiHr12NVKLzn0X7K8aSK,"FOCUS","FOCUS - The 1st Mini Album","Hearts2Hearts",2025-10-20,177052,79,false,,2026-03-21T13:42:54Z,"케이팝","SM Entertainment",0.62,0.88,4,-4.459,0,0.212,0.00491,0.00000101,0.0857,0.725,130.032,4
spotify:track:2HRgqmZQC0MC7GeNuDIXHN,"Seven (feat. Latto) (Explicit Ver.)","GOLDEN","정국;Latto",2023-11-03,183550,84,true,,2026-03-21T13:42:54Z,"케이팝","BIGHIT MUSIC",0.79,0.831,11,-4.185,1,0.044,0.312,0,0.0797,0.872,124.987,4
spotify:track:4qdBPJta3BVPXCS0wJZ6yO,"입춘","입춘","HANRORO",2022-03-14,248407,64,false,,2026-03-21T13:42:54Z,"K-발라드,한국 록","authentic",0.25,0.372,9,-4.619,0,0.0379,0.435,0,0.108,0.0535,161.257,4
spotify:track:5Mm6tCipllD4mCnDKv7hjX,"BANG BANG","REVIVE+","IVE",2026-02-23,178046,56,false,,2026-03-21T13:42:54Z,"케이팝","STARSHIP Entertainment",0.648,0.865,0,-3.991,1,0.0484,0.00999,0.0000717,0.376,0.439,152.15,4
spotify:track:0FOReGSXypVBP1q3CLEbfN,"싹 (Feat. 로꼬) (Prod. By GRAY)","쇼미더머니 12 Episode 1","OXYNOVA;MASON HOME;MILLI;Foggyatthebottom;OSUN;로꼬",2026-03-06,270304,69,false,,2026-03-21T13:42:54Z,"한국 랩,T 팝,태국 팝,태국 힙합,태국 트랩,케이팝","Genie Music Corporation",0.719,0.818,0,-3.566,1,0.249,0.303,0,0.102,0.872,166.019,4
spotify:track:5EoV2HmAlkqN1XvsIjOBZZ,"STYLE","STYLE","Hearts2Hearts",2025-06-18,209671,77,false,,2026-03-21T13:42:54Z,"케이팝","SM Entertainment",0.777,0.839,5,-3.43,1,0.063,0.282,0.00000216,0.152,0.676,127.003,4
spotify:track:7JQH2lBMZ10ztDnpoeq6Ki,"yours","yours","데이먼스 이어 Damons year",2019-04-10,165229,64,false,,2026-03-21T13:42:54Z,"K-발라드","WM Korea",0.483,0.469,11,-6.367,1,0.032,0.658,0,0.188,0.316,109.263,4
spotify:track:0XanaXeMJJ4VdjWzwok7ZI,"GO","DEADLINE","BLACKPINK",2026-02-27,195402,61,false,,2026-03-21T13:42:54Z,"케이팝","YG Entertainment",0.611,0.589,2,-9.289,0,0.0656,0.0232,0.0000757,0.252,0.203,103.124,4
spotify:track:2O9bMJticxbQ8FH3NiQ7Xh,"캐치 캐치","LOVE CATCHER","YENA",2026-03-11,180000,74,false,,2026-03-21T13:42:54Z,"케이팝","Genie Music Corporation, Stone Music Entertainment",0.809,0.942,5,-2.712,0,0.0926,0.0203,0.00015,0.0535,0.967,138.011,4
spotify:track:06o2o3TpyR8eGU2ANK21Lp,"멸종위기사랑","EROS","LEE CHANHYUK",2025-07-14,220202,63,false,,2026-03-21T13:42:54Z,"K-발라드","YG Entertainment",0.902,0.79,8,-4.21,1,0.0512,0.245,0.0000701,0.0297,0.965,115.045,4
spotify:track:59hVbgr8rfYkDbHfr8RcGI,"IRIS OUT","IRIS OUT","Kenshi Yonezu",2025-09-15,151573,86,false,,2026-03-21T13:42:54Z,"J-pop,애니메이션,일본 록","Sony Music Labels Inc.",0.75,0.799,1,-5.92,1,0.143,0.00532,0.00000403,0.0685,0.889,134.996,4
spotify:track:0eyMfW9Y8Ogmc5VCF4Sb7s,"SKY PASS (Feat. BOBBY) (Prod. by GRAY)","쇼미더머니 12 Episode 2","OSUN;MASON HOME;BOBBY",2026-03-20,301824,45,false,,2026-03-21T13:42:54Z,"한국 랩,케이팝","Genie Music Corporation",0.668,0.878,1,-3.392,0,0.214,0.0619,0,0.203,0.673,150.007,4
spotify:track:1k0JAiH11gHL9dc5dfQjQr,"NOT CUTE ANYMORE","NOT CUTE ANYMORE","ILLIT",2025-11-24,131997,86,false,,2026-03-21T13:42:54Z,"케이팝","BELIFT LAB",0.94,0.736,1,-5.978,1,0.0443,0.243,0.0000745,0.117,0.949,98.986,4
spotify:track:6YniytuSunB9HefGf4IxO9,"미워","wonderego","Crush",2023-11-14,174533,69,false,,2026-03-21T13:42:54Z,"한국 랩,케이팝,K-발라드","P NATION",0.831,0.495,10,-6.14,1,0.0304,0.612,0,0.11,0.824,100.999,4
spotify:track:3tbHqU6PKS2bIGWx9cn082,"영원은 그렇듯","영원은 그렇듯","Redoor",2021-01-09,237160,62,false,,2026-03-21T13:42:54Z,"K-발라드,한국 록","Genie Music Corporation, Stone Music Entertainment",0.498,0.429,4,-7.53,1,0.0249,0.696,0.247,0.107,0.327,76.986,4
spotify:track:55pCe0UgAeaeWKKSQqdiWh,"그대 작은 나의 세상이 되어","부재","카더가든",2021-01-28,205826,65,false,,2026-03-21T13:42:54Z,"K-발라드","DOOROODOOROO ARTIST COMPANY",0.697,0.373,7,-8.42,1,0.0704,0.871,0,0.112,0.255,75.026,4
spotify:track:15HNdxGKNCIO9pgaY4n7FU,"Pretender","Traveler","OFFICIAL HIGE DANDISM",2019-08-31,326842,62,false,,2026-03-21T13:42:54Z,"J-pop,애니메이션,일본 록","PONY CANYON INC.",0.538,0.869,8,-3.464,1,0.0275,0.047,0,0.14,0.369,91.972,4
spotify:track:4xeugB5MqWh0jwvXZPxahq,"Drowning","OO-LI","WOODZ",2023-04-26,244986,71,false,,2026-03-21T13:42:54Z,"한국 록,케이팝","EDAM Entertainment",0.62,0.722,8,-4.281,1,0.0357,0.000562,0.000022,0.0563,0.368,110.984,4
spotify:track:2SMq0lOqCTHayWa9juoI0d,"시차 (We Are)","시차 (We Are)","우원재;로꼬;GRAY",2017-09-04,196020,61,false,,2026-03-21T13:42:54Z,"한국 랩,케이팝","Genie Music Corporation, Stone Music Entertainment",0.756,0.808,7,-3.272,1,0.0752,0.147,0,0.129,0.685,100.018,4
spotify:track:0FKR7mQJnYqdEmHAMhgQjw,"Blue Valentine","Blue Valentine","NMIXX",2025-10-13,186000,64,false,,2026-03-21T13:42:54Z,"케이팝","JYP Entertainment",0.593,0.857,9,-3.97,1,0.352,0.161,0,0.0914,0.547,159.462,4
spotify:track:0MtiWniV24IBXmBPeW1v1m,"BLACKHOLE","REVIVE+","IVE",2026-02-23,194171,59,false,,2026-03-21T13:42:54Z,"케이팝","STARSHIP Entertainment",0.453,0.898,5,-4.561,1,0.208,0.0868,0,0.118,0.28,125.851,4
spotify:track:0dt0DccOIWLtzX45F6uZ1I,"MAMA (Feat. UNEDUCATED KID) (Prod. by Lil Moshpit)","쇼미더머니 12 Episode 2","Lil Moshpit;Tray B;Jeffrey White;UNEDUCATED KID",2026-03-20,234000,42,false,,2026-03-21T13:42:54Z,"한국 랩","Genie Music Corporation",0.598,0.945,1,-2.212,1,0.0328,0.00149,0,0.203,0.46,132.002,4
spotify:track:4JjJ1KNRrzqstSY0uDuys3,"뛰어(JUMP)","뛰어(JUMP)","BLACKPINK",2025-07-11,164718,60,false,,2026-03-21T13:42:54Z,"케이팝","YG Entertainment",0.706,0.927,5,-5.762,0,0.0714,0.00243,0.0000388,0.101,0.523,144.972,4
spotify:track:2aSfmbpproCPOe2j01WT2a,"순간을 영원처럼","IM HERO 2","임영웅",2025-08-29,208000,70,false,,2026-03-21T13:42:54Z,"K-발라드","Mulgogi Music",0.631,0.672,0,-5.569,1,0.0287,0.297,0,0.134,0.419,109.992,3
spotify:track:5u77QBJa2fUREcFTM7PwME,"물들이자 (With. PENOMECO)","쇼미더머니 12 Episode 2","Marv;페노메코",2026-03-20,207000,42,false,,2026-03-21T13:42:54Z,"한국 랩,라틴 아프로비츠","Genie Music Corporation",0.642,0.885,0,-3.789,0,0.0631,0.138,0,0.342,0.473,120.009,4
